{"cameraMode":{"drawMode":0,"name":"Shaded","section":"Shading Mode"},"sceneLighting":false,"audioPlay":false,"sceneViewState":{"m_AlwaysRefresh":false,"showFog":true,"showSkybox":false,"showFlares":true,"showImageEffects":true,"showParticleSystems":true,"showVisualEffectGraphs":true,"m_FxEnabled":true},"in2DMode":false,"pivot":{"x":-0.01052159070968628,"y":0.429378867149353,"z":0.1202312707901001},"rotation":{"x":0.07824334502220154,"y":-0.7331801652908325,"z":0.08504276722669602,"w":0.6702438592910767},"size":1.271949052810669,"orthographic":false}